{
    "Banks registered with ATM Bersama": "Bank terdaftar dalam jaringan ATM Bersama",
    "Banks registered with Prima": "Bank terdaftar dalam jaringan Prima",
    "Banks registered with Alto": "Bank terdaftar dalam jaringan Alto",
    "Total 83 registered banks": "Total 83 bank terdaftar",
    "Total 64 registered banks": "Total 64 bank terdaftar",
    "Total 19 registered banks": "Total 19 bank terdaftar",
    "Pay through ‘all bank ATMs with ATM Bersama logo’": "Bayar melalui ‘semua ATM bank berlogo ATM Bersama’",
    "Pay through ‘all bank ATMs with Prima logo’": "Bayar melalui ‘semua ATM bank berlogo Prima’",
    "Pay through ‘all bank ATMs with Alto logo’": "Bayar melalui ‘semua ATM bank berlogo Alto’",
    "Processing your payment": "Memproses pembayaran",
    "Failed to open Instructions": "Gagal memuat instruksi",
    "Calculating your Point": "Sedang menghitung poin anda",
    "Diskon Fiesta Point": "Diskon Fiestapoin",
    "Loading": "Memuat",
    "Current fiesta point %i": "Fiestapoin anda %i",
    "PIN cannot be empty": "Masukkan PIN yang benar",
    "Card Number cannot be empty": "Nomor kartu harus terisi",
    "You will be redirected to BCA KlikPay page once you tap ‘Confirm Payment’ button": "Anda akan diarahkan ke halaman BCA KlikPay setelah menekan tombol 'Konfirmasi Pembayaran'",
    "payment.failed": "Pembayaran gagal",
    "payment.pending": "Menunggu pembayaran",
    "payment.deny":"Pembayaran ditolak",
    "message.payment.deny":"Transaksi anda ditolak! Silakan ulangi lagi, atau coba dengan metode pembayaran lain.",
    "payment.pay-at": "Pembayaran di %@",
    "clickpay.invalid-number": "Masukkan nomor kartu debit yang benar",
    "clickpay.invalid-token": "Masukkan token ClickPay yang benar",
    "name.other-bank": "Jaringan ATM lainnya",
    "payment.how": "Bagaimana cara pembayaran melalui %@",
    "payment.klikbca.userid-note": "Tagihan akan dikirimkan ke akun KlikBCA anda setelah konfirmasi pembayaran dilakukan.",
    "payment.email-placeholder": "Alamat e-mail (tidak wajib)",
    "payment.email-note": "Kami akan mengirimkan kode pembayaran dan instruksi pembayaran melalui email",
    "payment.klikbca.userid-warning": "Mohon pastikan UserID aktif dan terdaftar di BCA.",
    "guide.header-subtitle": "Instruksi Pembayaran",
    "payment.list.title": "Pilih Metode Pembayaran",
    "payment.success": "Pembayaran Berhasil",
    "Close": "Tutup",
    "payment.finish-button-title-via": "Selesaikan pembayaran melalui %@",
    "payment.finish-button-title": "Selesaikan pembayaran di %@",
    "payment.va.help-button-title": "Bagaimana cara pembayaran melalui transfer bank %@?",
    "payment.va.confirm_button": "Lihat nomor rekening",
    "toast.copy-text": "Sudah disalin ke clipboard",
    "creditcard.input.title": "Detil kartu",
    "creditcard.list.title": "Pilih kartu",
    "creditcard.twoclick.title": "Bayar dengan kartu kredit",
    "creditcard.error.invalid-bin": "Kartu tidak berlaku untuk transaksi ini, silakan gunakan kartu lain.",
    "creditcard.promo-message": "Dengan kartu ini, anda mendapatkan diskon sejumlah %@ dari %@",
    "creditcard.promo-title": "Selamat",
    "creditcard.creditcard_number": "Nomor kartu kredit",
    "creditcard.creditcard_valid_until": "Berlaku hingga (MM/YY)",
    "creditcard.creditcard_cvv": "CVV",
    "Card number is invalid": "Nomor kartu tidak valid.",
    "Input Invalid": "Masukan tidak valid",
    "Expiry Year is invalid": "Tahun kadaluwarsa kartu tidak valid.",
    "Expiry Month is invalid": "Bulan kadaluwarsa kartu tidak valid.",
    "CVV is invalid": "CVV tidak valid",
    "creditcard.add.new.card": "Tambah Kartu Kredit",
    "creditcard.finish.payment": "Selesaikan pembayaran",
    "creditcard.Save card for later use": "Simpan kartu",
    "creditcard.save card for later reuse": "Simpan kartu",
    "creditcard.Redeem BNI Reward Point": "Tukarkan BNI Reward Points",
    "creditcard.Pay Without Mandiri Point": "Bayar tanpa Mandiri Fiestapoin",
    "creditcard.Redeem MANDIRI Point": "Tukarkan Mandiri Fiestapoin",
    "creditcard.Mandiri Debit Card": "Kartu Debit Mandiri",
    "creditcard.Mandiri Debit Card placeholder": "Nomor Kartu Debit Mandiri",
    "creditcard.we will securely store your card details so you can reuse them later": "Kami akan menyimpan informasi kartu anda dengan aman sehingga anda dapat menggunakannya kembali.",
    "va.list.title": "Pilih Bank",
    "va.pay-button": "Lihat Nomor Rekening",
    "BNI Card": "Kartu BNI",
    "Processing your transaction": "Memproses transaksi",
    "payment.telkomsel-cash.token-placeholder": "Token T-Cash",
    "payment.telkomsel-cash.token-note": "Pembayaran T-Cash harus menggunakan nomor telepon Telkomsel yang terdaftar.",
    "payment.telkomsel-cash.header-title": "Telkomsel Cash",
    "payment.telkomsel-cash.warning": "Token T-Cash tidak boleh kosong.",
    "payment.indosat-dompetku.token-placeholder": "Nomor telepon Indosat",
    "payment.indosat-dompetku.token-note": "Masukkan nomor yang terdaftar di Indosat Dompetku.",
    "payment.indosat-dompetku.header-title": "Indosat Dompetku",
    "payment.indosat-dompetku.warning": "Nomor telepon tidak boleh kosong.",
    "payment.kioson.note": "Silakan menyelesaikan pembayaran di Kioson.",
    "kioson.pending.code-title": "Kode Pembayaran",
    "kioson.pending.howto-title": "Bagaimana saya dapat melakukan pembayaran dengan Kioson?",
    "kioson.pending.copy-title": "Salin Kode Pembayaran",
    "gci.placeholder": "Nomor kartu gift card anda",
    "Choose installment terms": "Pilih masa cicilan",
    "installment-on-one-click": "Harus menggunakan cicilan, pembayaran tidak dapat dilakukan dengan kartu one click",
    "No Installment": "Tanpa cicilan",
    "month.installments": "cicilan %@ bulan ",
    "what is cvv?": "Apa itu CVV?",
    "The CVV is a 3 (or 6) digit number security code printed on the back of your card": "CVV adalah 3 (atau 6) digit angka kode keamanan yang tercetak di belakang kartu Anda.",
    "redeem bni reward point": "Tukarkan BNI Reward Points",
    "you can pay partly through the redemption of BNI Reward Point through your credit card": "Anda dapat membayar sebagian dengan BNI Rewards Point melalui Kartu Kredit Anda.",
    "You can pay partly through the redemption of Mandiri Fiestpoin through your Mandiri credit / debit card": "Anda dapat membayar sebagian dengan Mandiri Fiesta Point melalui Kartu Kredit Anda.",
    "This transaction must use installment": "Pembayaran harus menggunakan cicilan",
    "Your total BNI Reward Points is %i": "Poin Sekarang %i",
    "Complete Payment at ATM": "Selesaikan Pembayaran",
    "alert.title": "Perhatian",
    "alert.message-delete-card": "Anda yakin ingin menghapus kartu ini?",
    "alert.no": "Tidak",
    "alert.yes": "Ya",
    "alert.invalid-payment-token": "Token pembayaran tidak benar, silakan coba lagi.",
    "Delete Saved Card": "Hapus kartu ini",
    "Thank you!": "Terimakasih!",
    "Ouch!": "Aduh!",
    "Your payment can't be processed": "Transaksi Anda tidak dapat diproses.",
    "Your payment has been processed": "Transaksi Anda telah diproses.",
    "Please complete payment to proceed": "Selesaikan Pembayaran",
    "Loading payment list": "Memuat daftar pembayaran",
    "Pay from ATM Bersama, Prima or Alto": "Bayar melalui ATM Bersama, Prima atau Alto",
    "Credit/Debit Card": "Kartu Kredit/Kartu Debit",
    "Pay With": "Bayar Dengan",
    "total.amount": "Total Bayar",
    "%@ step by step": "Langkah-langkah bayar di %@",
    "SMS Charges may be applied for this payment method": "Anda mungkin akan dikenakan biaya SMS akan dikenakan untuk cara pembayaran ini.",
    "Key token device is required for this payment method": "Perangkat token key dibutuhkan untuk cara pembayaran ini.",
    "confirm.payment": "Konfirmasi Pembayaran",
    "Please complete payment before: %@": "Silakan menyelesaikan pembayaran sebelum:",
    "download.instruction": "Unduh Instruksi Pembayaran",
    "install.gojek": "Install aplikasi Gojek dari App Store",
    "Pay using GoPay": "Bayar dengan GoPay",
    "Pay with GoPay": "Bayar dengan GoPay",
    "Pay with ShopeePay": "Bayar dengan ShopeePay",
    "Pay with qrisshopeepay": "Bayar dengan ShopeePay/e-Wallet Lainnya",
    "Pay with qrisgopay": "Bayar dengan GoPay/e-Wallet Lainnya",
    "Pay Now with GoPay":"Bayar sekarang dengan ",
    "Please complete your ‘GoPay‘ payment via ‘Gojek‘ app": "Pastikan Anda telah melakukan instalasi aplikasi Gojek di HP Anda dan memiliki saldo lebih dari Rp 10.000.",
    "Please complete your ‘ShopeePay‘ payment via ‘Shopee‘ app": "Pastikan Anda telah melakukan instalasi aplikasi Shopee di HP Anda dan memiliki saldo lebih dari Rp 10.000.",
    "KlikBCA User ID":"KlikBCA User ID",
    "Bank Code":"Kode Bank",
    "Virtual Account Number":"Nomor Akun Virtual",
    "Please complete your payment in":"Harap selesaikan pembayaran dalam:",
    "Time's Up":"Waktu habis",
    "bni.point.toptitle":"Berapa BNI Reward Points yang ingin anda tukarkan?",
    "bni.point.secondtitle":"TOTAL PEMBAYARAN SETELAH TUKAR POIN",
    "BNI Points Terms & Conditions": "Syarat & Ketentuan BNI Reward Points",
    "danamon.instructions.header1":"Pembayaran melalui Danamon Online Banking harus diselesaikan di website Danamon.",
    "danamon.instructions.header2":"Pastikan Anda telah memiliki User ID Danamon Online Banking sebelum melakukan pembayaran.",
    "error_200":"Transaksi berhasil.",
    "error_201":"Transaksi sedang diproses.",
    "error_202":"Transaksi tidak berhasil. Silakan ulangi lagi atau coba dengan metode pembayaran lain.",
    "error_400":"Transaksi tidak dapat diproses. Pastikan informasi pembayaran Anda benar.",
    "error_502":"Kami mengalami kendala dengan Payment Provider. Silakan dicoba lagi.",
    "error_406":"Pesanan telah dibayar.",
    "error_407":"Order Anda tidak lagi tersedia.",
    "error_500":"Kami sedang mengalami kendala teknis. Silakan coba lagi.",
    "error_others":"Transaksi tidak berhasil. Silakan ulangi lagi atau coba dengan metode pembayaran lain.",
    "An unknown error occurred.":"Terjadi kesalahan.",
    "The connection timed out.":"Waktu tunggu koneksi habis.",
    "The connection failed because the network connection was lost.":"Koneksi gagal karena jaringan terputus.",
    "The connection failed because the device is not connected to the internet.":"Koneksi gagal karena perangkat tidak tersambung ke internet.",
    "The connection failed because a call is active.":"Koneksi gagal karena panggilan telepon sedang aktif.",
    "The connection failed because data use is currently not allowed on the device.":"Koneksi gagal karena penggunaan data tidak diizinkan di perangkat ini.",
    "Finish Payment":"Selesaikan Pembayaran",
    "Make sure payment has been completed within the Gojek app.":"Pastikan pembayaran telah berhasil dilakukan di dalam aplikasi Gojek.",
    "Make sure the QR code successfully scanned and payment has been completed within the Gojek app.":"Pastikan kode QR berhasil dipindai dan pembayaran sudah dilakukan di dalam aplikasi Gojek.",
    "Make sure payment has been completed within the Shopee app.":"Pastikan pembayaran telah berhasil dilakukan di dalam aplikasi Shopee.",
    "Make sure the QR code successfully scanned and payment has been completed within the Shopee app.":"Pastikan kode QR berhasil dipindai dan pembayaran sudah dilakukan di dalam aplikasi Shopee.",
    "Make sure payment has been completed within the UOB app.":"Pastikan pembayaran telah berhasil dilakukan di dalam aplikasi UOB.",
    "Pay with TMRW app":"Bayar melalui aplikasi TMRW",
    "Pay with UOB Web":"Bayar melalu UOB Personal Internet Banking",
    "Pay Now":"Bayar Sekarang"
}

